Predicted y,True y
2464185.7056209464,2463097.0
645055.727323975,645481.0
473720.8148719572,474123.0
1543023.9087440777,1542136.0
3706096.953998881,3705439.0
382114.09442150936,381620.0
26612977.479841303,26605294.0
7361366.953534076,7365026.0
1635002.4224263914,1632181.0
990636.3240848815,990972.0
1669415.8423682954,1673662.0
4786126.225940499,4787728.0
7671138.107539622,7670862.0
1656299.6358176018,1657646.0
1225585.8998131452,1224595.0
157539.33666747098,157459.0
1543056.9455283277,1544482.0
1872958.687684084,1875143.0
868666.1781972399,868643.0
622862.5116769655,622231.0
12992679.517965391,12991960.0
959035.4778274408,958699.0
5073299.714427641,5073926.0
1068327.7508439487,1068097.0
283359.3340783011,284428.0
1416289.7442221423,1415660.0
282725.25827608653,282022.0
17419176.505729787,17422206.0
3689952.391051596,3690456.0
15628148.20768026,15632216.0
1560221.6582587624,1562422.0
6776712.752398021,6780494.0
766965.8241790555,766360.0
6105005.1413365975,6102092.0
773634.923729543,774022.0
2146571.6396513097,2148726.0
4728608.29972274,4729192.0
4730253.82755294,4731881.0
5918688.128379941,5919687.0
630582.5484151405,631365.0
3538165.255193513,3539351.0
393734.928065898,393484.0
563313.4318333315,562843.0
619871.6237023575,619206.0
1491356.8135385322,1491043.0
436535.0403634177,435589.0
2178341.520715008,2178870.0
6039455.04316933,6036955.0
3433659.5724754264,3431309.0
10056402.958402399,10061207.0
4820637.509290101,4821507.0
1808755.6388049107,1808611.0
1697598.6765536184,1698019.0
253044.66205153434,252942.0
9060859.984038431,9055146.0
590747.8071709713,590308.0
171104.57032254932,171392.0
1441372.1946158458,1440310.0
9919937.923484987,9913790.0
841450.5124630994,842315.0
14308940.94466258,14305985.0
388858.1250175973,388311.0
1462256.9026702186,1460805.0
591881.4241110854,592734.0
218559.04790270684,218169.0
6723756.459716539,6722288.0
43709686.35165473,43703916.0
1526577.0993620467,1527029.0
180429.1359103002,180040.0
1739961.803039351,1741706.0
820967.0621069293,820990.0
14012797.44420851,14005531.0
701752.0722355924,702234.0
2980657.8384673744,2981562.0
402505.5130661519,403808.0
1546809.3556256199,1545665.0
3166593.905436207,3164061.0
7600797.949988882,7597737.0
656788.4021531089,656641.0
2333622.764682466,2334100.0
12337942.130913481,12336460.0
19092086.03052005,19093530.0
2027282.2444786406,2025985.0
163812.30670917354,163095.0
1890381.6596662414,1891757.0
1963176.8604247782,1962736.0
178035.34732424858,178294.0
1036015.4710185644,1035479.0
6001418.555719598,5999800.0
205119.51814750658,205185.0
4219648.783858179,4217938.0
1758949.5342490936,1761474.0
1032165.4838662193,1032442.0
530493.7679220301,530292.0
1276857.2130979642,1276628.0
4462370.197431204,4464350.0
654842.4545316481,655212.0
1106941.8955479222,1106434.0
1314604.7412890813,1314304.0
23019925.940064777,23016844.0
2304946.367654709,2303283.0
1827014.466887942,1823125.0
631426.7465876957,632171.0
3456077.970858522,3459801.0
567232.682611029,566687.0
3852867.767361136,3850302.0
3394438.165598367,3394672.0
3121202.8996728463,3123500.0
1422134.9151566064,1422465.0
531356.5552108578,530617.0
153006.27322178343,153748.0
2524883.5686010006,2524231.0
5872480.544943044,5873219.0
1316112.6982000938,1314286.0
1362515.1086889368,1362933.0
2197756.197928021,2200300.0
5926280.342738269,5928636.0
77593.13461675498,76853.0
1949306.338384564,1949226.0
3033885.482581612,3033526.0
2094321.5481001183,2092001.0
1046275.3893202129,1047661.0
1501233.4859889788,1503636.0
230916.51601712045,230353.0
587754.0834657465,588242.0
189583.00048249733,189634.0
529761.2511857911,530238.0
3502087.2307359134,3500538.0
5590137.887366588,5587120.0
265998.88870906003,265310.0
208476.0075842177,208365.0
201007.45791414377,200020.0
2581258.909362083,2578926.0
202544.11186881716,202663.0
59562.87334596093,59866.0
2765217.693998938,2765308.0
1584882.1267937974,1585268.0
4158386.9908880666,4156492.0
2784687.055263697,2785331.0
2794366.7917148536,2795690.0
798028.6512726747,799307.0
961052.5804309773,960578.0
2292404.5282042343,2290156.0
1838584.2448194497,1838716.0
6487910.691035394,6487585.0
4973643.04991888,4972757.0
2522611.9323791023,2525706.0
1026252.8470544274,1026143.0
5372547.17160749,5371107.0
13628597.607726552,13631324.0
2713081.840081284,2715281.0
184982.76523105352,184750.0
2706417.279862732,2705850.0
5819469.85761455,5820532.0
4224455.129429166,4224528.0
705792.6659183803,705222.0
9049659.982705746,9054216.0
86459.77805088606,86263.0
207930.69707640295,207956.0
5256289.676888956,5253664.0
792975.2278471827,792611.0
315842.48044205963,316765.0
631016.817756402,630343.0
1987818.23947541,1989119.0
251593.0285339782,251035.0
2111310.003438497,2111513.0
372444.34351495473,373703.0
844677.7095681971,844177.0
272646.9278199759,272692.0
198201.88200172552,198204.0
462325.27132284665,462018.0
2305708.520899081,2304952.0
1991132.1117383372,1989627.0
19759006.0426723,19756512.0
2431526.4036860634,2429824.0
5464298.316971155,5464159.0
519641.61090096703,519627.0
17239313.211066354,17243060.0
6583216.369190211,6579697.0
8227436.549105442,8221676.0
2899535.550163948,2895479.0
503166.5136464696,503893.0
205382.23764590395,205136.0
446788.5444474976,446748.0
67294.1194940855,66945.0
8951223.384239208,8950441.0
890920.1834154283,890377.0
21663698.981665622,21659464.0
3493369.1969970297,3490691.0
1231556.2840049278,1231975.0
8982231.991563128,8979280.0
915975.2495360182,915755.0
860634.4502624116,859972.0
9743620.662965016,9743642.0
409346.9555217459,408905.0
734472.9757040951,734318.0
9394026.645016668,9396379.0
351195.3617576777,349761.0
3484963.098293676,3484015.0
100918.92013186765,100309.0
1148948.3841011762,1149154.0
5012247.818984471,5011631.0
527827.644852817,528086.0
7602509.616619459,7606455.0
274541.7422244639,274535.0
2126832.5281658256,2125500.0
150003.6741761933,149682.0
8223290.484437932,8225094.0
9377937.511180488,9370877.0
394573.63918080117,394871.0
3386114.017001293,3382052.0
218216.10986126846,218074.0
6036762.928274629,6037766.0
203696.3000272559,204894.0
614424.5251220113,614919.0
17407640.831533413,17412946.0
214412.34426440328,214480.0
2668532.021246551,2670599.0
209344.19555560764,209454.0
18622089.634568814,18624306.0
8729404.621921536,8733184.0
4343250.446251049,4339141.0
914425.2433338382,913605.0
4712577.128307415,4711348.0
755471.8866089431,756359.0
12893506.149543962,12891120.0
13353376.464012906,13351974.0
83683.52413429292,83152.0
282164.33374084317,282126.0
11431598.585719917,11428808.0
485223.1303061392,485646.0
12463019.50610744,12464890.0
1508613.119130105,1509531.0
1016786.4596847453,1016760.0
468545.86883894936,468517.0
5194215.48707925,5197604.0
1560620.0874936208,1561779.0
27536300.57811045,27537997.0
12780423.490651991,12777283.0
9689588.513657408,9689029.0
260379.1159629433,260050.0
191109.02895247075,191275.0
851054.6376981346,851008.0
28186749.282763083,28188953.0
4066344.5292537804,4066551.0
491107.31144010904,492005.0
910573.8635869138,911053.0
725353.2289092507,723931.0
6368857.302118611,6367598.0
1015934.0479309093,1015859.0
9403763.101931913,9407950.0
2138108.128423899,2138274.0
15451769.637903592,15453143.0
7373315.383679576,7368859.0
249227.40821892678,249310.0
670806.9678626909,670767.0
4534464.490265035,4533271.0
4312725.007431829,4310881.0
2070841.28597849,2072447.0
13127518.737316394,13125780.0
6876956.457386322,6876336.0
681467.008987758,681670.0
1829187.8770974095,1827635.0
188095.92985883792,187905.0
186071.64187524814,186887.0
270247.5238548248,271384.0
1371035.4663113554,1369044.0
683753.1731667918,682262.0
1007666.3357475831,1006612.0
1659993.2381603653,1660659.0
14673321.36117311,14671351.0
5579820.641956736,5579774.0
23045991.553562153,23035958.0
14154633.215234065,14152397.0
406388.1433785938,406495.0
3342659.455840836,3344204.0
12316343.242383765,12317306.0
4340133.0108415,4337148.0
1254103.050457793,1254904.0
992255.7290039546,992322.0
320085.1753376617,319769.0
6171733.323713032,6170839.0
303337.0400613003,302196.0
8100446.281444896,8102349.0
2454193.4166082027,2454563.0
9539525.265991792,9540662.0
216053.03824297184,215382.0
1451801.546556745,1450576.0
607627.3979285856,607885.0
9546740.202274136,9544522.0
393555.15245193907,393211.0
15997980.096685618,16003476.0
12290060.419871021,12289547.0
96516.25670384144,96840.0
142315.5817158674,142408.0
1832662.1492699545,1832715.0
15046713.165343998,15050539.0
4896112.83568744,4894450.0
1314565.4079352731,1314721.0
6358466.816060738,6360696.0
525773.9672059844,525840.0
841589.0883493175,841806.0
65225.14563474775,65114.0
525083.6492230942,526025.0
190479.40168555727,190250.0
356875.6542024697,357559.0
3842718.7907230025,3841380.0
13212062.745582871,13205743.0
3259387.8150867396,3260230.0
322534.8728485813,322734.0
365758.7050110128,366942.0
28883558.930148195,28882679.0
360378.3527476914,360834.0
803987.6237154475,804106.0
607418.0759570461,607228.0
12457387.71271056,12458539.0
135736.93489924987,136731.0
189562.35551162544,190034.0
8945590.718130441,8943144.0
114428.57000652674,114256.0
3230578.771322579,3230633.0
118876.94998204417,119207.0
3934487.3835178167,3933677.0
201377.1566229744,200942.0
174946.1405766252,175031.0
2429890.423720584,2430054.0
93121.7610169389,93512.0
1096512.1376603404,1099885.0
1299744.6584850384,1301485.0
70627.47107426789,70426.0
308385.9343225078,308234.0
2070438.1784878618,2069410.0
2459555.9424007963,2461634.0
1795918.8830540406,1795865.0
1755592.71132598,1756021.0
1769304.7676529926,1770700.0
1271168.161009636,1268902.0
779217.1933862757,779029.0
1365513.9002921577,1365309.0
2492273.5236934386,2492341.0
1109369.8652585247,1109041.0
105666.14866975983,106191.0
6432274.479626868,6436989.0
1205002.693690437,1205118.0
349436.86896089034,348563.0
3656035.764364326,3657286.0
381574.32384073007,382545.0
1428114.3063616822,1427292.0
9427021.62600582,9426326.0
2118669.662935098,2118156.0
1387199.0379430098,1387011.0
1544754.0681162751,1544718.0
314419.223575678,314177.0
400305.47862397414,399319.0
2103604.934831478,2105005.0
107066.40417612232,107162.0
3230967.740169959,3229352.0
266332.9124554649,266615.0
226877.13061917946,226765.0
1143290.5088327501,1142940.0
1398889.5710732841,1397613.0
6104351.800912573,6104430.0
8566031.231840814,8568162.0
224727.35265380162,224761.0
366501.88324951316,366834.0
461445.3776850987,460568.0
945522.2321616972,945366.0
1413086.6200462617,1414455.0
316970.9195687332,317519.0
218286.6852160285,217852.0
1500329.5487810553,1500438.0
2928025.50270426,2924790.0
87397.17840300394,87016.0
1181011.2401338576,1181925.0
11834942.000828687,11833213.0
321563.0793362243,321541.0
316022.3721803139,316040.0
2576859.416963466,2575146.0
1265620.2498284946,1264759.0
264546.4000497269,263943.0
259070.00723526158,260542.0
312579.86828685366,311754.0
462035.7722814004,462603.0
8873760.039522123,8879094.0
2480027.5888718087,2476094.0
550720.2258626646,550974.0
15066256.458215628,15066585.0
152624.88954663574,152638.0
974053.5757259496,975511.0
13294523.295289176,13291505.0
148861.19907030815,148211.0
723800.2173107152,723591.0
394974.33468492265,394950.0
5660539.831380564,5659545.0
159047.82694286085,158416.0
1078862.2988294913,1080635.0
1408607.0425210032,1409274.0
6366008.322803294,6365048.0
196973.98213170414,197299.0
793971.0680624164,794236.0
2560847.2610960472,2563167.0
2052850.7263437393,2051173.0
404041.4800116351,404045.0
563136.6891640852,564125.0
602735.3240210769,603306.0
869905.4439551908,871169.0
374963.63449173165,375600.0
191923.19900128635,192072.0
2260338.381901419,2260161.0
881892.1771890664,882617.0
1605524.302327025,1604533.0
3542120.0222566444,3544107.0
215409.5837997747,216374.0
5335141.961319546,5335707.0
21478171.84960764,21483719.0
628120.1316292788,628350.0
338013.19484456367,337732.0
402553.3045198166,403016.0
1438711.904813435,1441009.0
270348.20503435493,269400.0
391326.9413338062,391654.0
2930589.178477961,2931602.0
2013209.5286539616,2012905.0
250413.4311613364,250968.0
738070.3886428834,737300.0
3669608.8312882064,3671704.0
838127.7406454206,837860.0
4148961.7521243147,4151124.0
990583.6047796769,990050.0
7905682.122406248,7906481.0
8436785.243943606,8438365.0
5181485.5809467025,5182524.0
3811381.320144541,3812414.0
539558.135007371,539537.0
3191871.3029693044,3192398.0
8754855.282725276,8759753.0
7737696.875199748,7740037.0
683523.1554005505,683066.0
5954322.836448767,5952715.0
4865406.306231142,4864811.0
2370923.2563034743,2369940.0
253584.18905788995,254340.0
2258917.852200475,2259881.0
5830281.363453703,5827610.0
16650193.39102399,16650505.0
2562167.4336708398,2561561.0
1866293.0492007302,1865282.0
874024.6509625596,873994.0
439187.09134214063,439775.0
298362.5602518603,298393.0
7524438.843101603,7520517.0
503941.0938643187,503472.0
918207.728487728,919885.0
2695379.279445303,2695677.0
970200.6219673668,969512.0
2593566.516390102,2595293.0
9245455.984121269,9244589.0
9772500.41981682,9773074.0
264954.64880904485,263757.0
168957.64793037853,168887.0
10525538.921686396,10528730.0
2586153.969312229,2586299.0
3687838.649996791,3686260.0
2472885.8657875,2474144.0
4158641.334877817,4156295.0
3020365.17261281,3021064.0
1509051.2004608857,1509023.0
82398.70812867902,82133.0
2736939.3942422797,2737040.0
7759604.877230294,7756688.0
148050.8922320438,148080.0
3391306.8797365143,3391266.0
3197694.118796843,3200799.0
1365125.3076267692,1365357.0
9555812.392726501,9559389.0
15842838.862485029,15837495.0
1398129.3602826255,1399756.0
7726942.168991636,7728018.0
2191904.7069479707,2192452.0
9079658.804226551,9080309.0
209297.94879293046,210109.0
873214.5872624068,872514.0
554831.5985520079,556553.0
7370827.111553845,7369210.0
901735.2678346708,901750.0
5413226.006995718,5410871.0
80807.42398144744,80741.0
256035.50931987705,256433.0
996002.6236691884,995225.0
315595.79097270605,314834.0
1861977.1542497394,1861799.0
43451833.70747974,43448864.0
2127950.3502997714,2126987.0
2924808.1708710175,2924431.0
8550342.866733368,8547894.0
413480.982595125,414433.0
258644.1330801066,259087.0
9268450.60626628,9271962.0
5222265.634299331,5222904.0
437966.6074840302,437331.0
498320.3280038951,498940.0
1140100.3080641206,1139914.0
1159657.406079442,1160201.0
66285.24483447685,66352.0
4854693.050363019,4855957.0
1271123.713498467,1270980.0
291500.99895635375,291515.0
11399594.67315906,11398036.0
5836273.057954038,5839117.0
276393.6447803685,276900.0
2417802.083781411,2416978.0
528624.584045596,528463.0
1874187.217527763,1874555.0
500719.2518330022,500681.0
749861.0982816126,749562.0
3220141.343706398,3221271.0
18535345.158527378,18532813.0
228424.07135400362,229114.0
688564.7942393036,688391.0
1643643.072534466,1644907.0
22076882.349829577,22088602.0
886005.6193392744,886180.0
4387981.162576444,4391397.0
1293752.8364009333,1293318.0
2479080.81299252,2479540.0
4393491.857497206,4394655.0
3946707.7235682206,3949309.0
2470643.8911443613,2471866.0
6482608.836879234,6478738.0
97006.05449160974,96733.0
5608951.85672987,5609989.0
483682.86814835074,484119.0
3855839.0874083783,3855264.0
139567.15938490684,139848.0
251164.77881356026,250206.0
3071741.5017226767,3070307.0
4146089.1554763597,4144850.0
395900.79820741405,397155.0
474992.48725796357,475822.0
5225666.714018148,5230344.0
1101120.723898815,1101127.0
304421.7468553048,304455.0
1190766.6965670206,1190049.0
1962752.1502819145,1961640.0
199342.30527249086,199246.0
6911050.219105073,6903767.0
2813183.9199315365,2813540.0
9237672.27415106,9234908.0
526645.6960640623,526465.0
1800025.9948701805,1802279.0
2111741.0412286534,2110788.0
7528326.589904308,7526347.0
2165530.2475107857,2164951.0
573998.0745502609,575002.0
264020.86758337927,263417.0
5174504.584919063,5174198.0
269652.1523033889,269316.0
1133987.9846366711,1133919.0
1694471.2749289544,1693762.0
2885581.747559816,2887498.0
1536346.0832612521,1534984.0
731908.7394947266,732457.0
376253.7584798759,376346.0
1679611.7593460835,1679935.0
300173.7132483139,300185.0
11260813.077121515,11258016.0
142035.3135352364,141736.0
2233869.5302333776,2234820.0
442794.69513004454,441929.0
387675.20326705294,388006.0
272153.84648966213,272391.0
76341.92203766768,76402.0
66064.89444590332,66194.0
26220676.52713452,26221325.0
407885.37017040985,407437.0
2120278.147802441,2119671.0
920912.8829942567,921583.0
18417679.99481174,18421501.0
510878.6561202061,510913.0
2615316.1522613876,2615093.0
583550.0744092256,583334.0
1765918.4429546741,1765702.0
557181.8435158666,557660.0
1910569.8808051238,1909719.0
7127283.50994439,7128102.0
10671910.451212436,10671374.0
258280.27723792693,258340.0
286443.25141701754,285714.0
5564704.2575353505,5569039.0
544240.554074893,544209.0
1309556.243932808,1309335.0
12870079.320482157,12865794.0
210467.7340430679,210713.0
624968.5121834155,625109.0
7004104.642267581,7002890.0
13157153.374573475,13153715.0
1509317.599427143,1510025.0
4658090.878517146,4657488.0
2106302.183318686,2105395.0
137677.0922608822,137195.0
636563.2080908013,636963.0
8406909.075773621,8409607.0
730479.5360819928,730489.0
1737324.6220129689,1736638.0
254072.9755047607,254649.0
124555.37732151581,124304.0
165147.45526979372,165021.0
10056590.74450903,10053777.0
240763.66029982272,240181.0
4896881.382883639,4900491.0
332274.862470572,332176.0
556984.1156670285,558182.0
892804.2482260691,893151.0
8886416.66647788,8890499.0
12696032.703523928,12697634.0
10155439.072600335,10148385.0
105686.30157474014,105821.0
264372.98242093675,263668.0
5746627.797831068,5746445.0
13222268.538886745,13221967.0
657140.7419536279,656905.0
174120.6145844611,174303.0
3712263.5091000176,3712021.0
934988.7924107258,934887.0
4044141.9713911805,4043120.0
5403667.511563283,5407004.0
1515560.6492878434,1515055.0
1989275.330750041,1991042.0
345159.84035243816,345118.0
293924.8998814428,293991.0
460977.9428668628,460933.0
9862410.252249178,9862714.0
12546320.417842735,12550248.0
123144.20760906882,122770.0
6597009.794758024,6598089.0
1624796.2562056885,1624597.0
5037230.86316858,5039418.0
7214985.821622135,7215013.0
698687.657173242,698986.0
1910445.7252730443,1910907.0
716885.4268093652,716449.0
118888.62088119643,118731.0
188430.53704710552,188655.0
1019206.4456417374,1020194.0
1857583.0076847086,1854590.0
1601723.9139934892,1603169.0
769583.9068410604,769797.0
10377285.315675067,10373352.0
2744942.5541932248,2744687.0
1332072.2358093094,1331432.0
337458.2962135036,337434.0
165208.13962643698,165440.0
224195.30289248287,224306.0
4439536.0851308955,4439909.0
112445.64907559482,112463.0
3492889.903761994,3494422.0
1335464.8091684452,1334083.0
280564.1151987672,280042.0
608547.5599074156,609278.0
114280.7009774388,114071.0
2725893.5908984495,2725626.0
2900308.2965024537,2901574.0
404952.9563580199,405049.0
135658.7235831428,134993.0
4052268.930964779,4052967.0
1713006.192072145,1711275.0
922368.3131408505,923417.0
325944.12724475993,325614.0
2011563.2675250033,2013285.0
1503520.5894648337,1501605.0
1722988.4100327503,1724058.0
9066960.268821627,9068268.0
571897.33200116,572097.0
4034507.5713226707,4030485.0
2597509.894750844,2596290.0
372902.0264575138,372531.0
11624630.950290129,11627206.0
549300.5373385729,549863.0
7295651.4442105135,7295467.0
11458132.25621312,11455440.0
8524606.082153827,8523792.0
243520.1357858624,243616.0
5676427.9346518945,5673309.0
18110592.645897675,18113995.0
4168925.278349741,4169073.0
355440.88486269506,355021.0
852117.7320851249,851886.0
1780411.1753953958,1778813.0
1187704.6691193806,1191624.0
1418155.5940399,1417812.0
1190061.6655256758,1189372.0
22155404.574702736,22158176.0
356923.037159429,356633.0
1016701.7905640347,1015978.0
2802329.1272168863,2803026.0
302391.09207492444,302211.0
2768689.2951263045,2771384.0
622159.3965914826,623881.0
81977.33303935877,81828.0
285266.0359994538,285086.0
9075994.857240772,9074121.0
5216662.661872374,5218127.0
367481.8432255892,367330.0
2411312.296275594,2413115.0
1049577.5119821006,1050049.0
1508574.3806430208,1509518.0
545657.7866696265,546422.0
3887477.0349426065,3887424.0
691511.8682666004,691234.0
281991.14471223333,283248.0
5141192.270206948,5141105.0
293521.609284657,293629.0
5886119.978932082,5885891.0
6701206.200235193,6704306.0
1941213.7886793558,1939408.0
740081.5636211496,739380.0
892192.0544235911,893638.0
2315921.515548013,2317298.0
1884249.7245577942,1882591.0
13960140.44120519,13964785.0
1609073.7957742333,1608974.0
461143.47990099643,459778.0
206911.57445653886,207021.0
643702.6825596635,642950.0
3701150.548739946,3700645.0
5709483.050695642,5705678.0
3705796.248861111,3706407.0
2529621.5403054664,2528762.0
188963.63207815547,189289.0
801005.2881620089,799710.0
964086.270592897,963316.0
3123495.831451054,3122300.0
1513540.3406289478,1513301.0
318231.2499170686,317706.0
6723477.47018943,6722716.0
6369703.773971814,6368092.0
2358813.1611338723,2359536.0
6328757.636976994,6328669.0
112262.47272993265,112824.0
177304.6716218754,176827.0
4561847.041322531,4560508.0
10065472.192528311,10069633.0
2689512.7116983254,2691451.0
9470281.383640701,9472048.0
567166.5688069827,566649.0
447750.05806535244,449036.0
14642864.22514761,14641495.0
1114439.236648662,1113995.0
4873211.36557615,4875584.0
172123.70090230776,172143.0
125414.79021303143,125369.0
125752.5561349814,125511.0
563807.0719728746,563689.0
12569785.241667502,12567682.0
200723.53813766543,201206.0
218220.0855387789,218204.0
5931439.724251671,5936467.0
3483996.1902185692,3484347.0
1279293.9975248317,1280478.0
163438.83874852656,163569.0
967543.749951988,969165.0
923879.925427716,923467.0
3775298.6523475763,3774299.0
783911.7665065889,785091.0
1183550.0380695905,1184230.0
4056668.73463016,4058786.0
296257.4532468742,297484.0
217497.50011873146,217164.0
182422.97543543953,182780.0
22769206.01463155,22770374.0
1383848.4694205606,1383541.0
3369363.8244948513,3367260.0
1586087.164545915,1587529.0
5365742.100201563,5362662.0
5242979.002111459,5243502.0
2223255.2387726977,2221144.0
2791803.5531846704,2793312.0
15422237.746036591,15426622.0
7085537.311807856,7081991.0
3777150.159606205,3772851.0
3608671.568375811,3609576.0
10808388.851699717,10806543.0
4779606.296404973,4780124.0
1783823.593699016,1784451.0
1411230.7663555203,1410707.0
22053368.19564287,22051793.0
1842193.1847501346,1840602.0
7320803.137693259,7321376.0
707589.6968597274,706610.0
596368.0581658678,595931.0
351398.83894416137,350528.0
3313487.6420052974,3312657.0
1840993.5226960909,1839519.0
106863.03442681054,106603.0
347561.88689647586,347595.0
10212622.11439964,10211467.0
355347.39129089296,355799.0
1083359.3603157527,1082450.0
930113.2071206191,929104.0
700509.888685198,701117.0
2563467.404818196,2563292.0
7774554.113780785,7775347.0
3323693.576229502,3323994.0
176063.80081322274,176323.0
270487.77365234843,270986.0
7529573.450664215,7529463.0
1852995.967580707,1851936.0
2551364.48249457,2549769.0
901167.6821281835,900217.0
5355388.169863669,5352015.0
9324385.39499499,9324680.0
4910098.536327208,4908199.0
511327.126278111,511835.0
185539.7704315605,185624.0
4942549.96439265,4948177.0
225691.20770168057,225671.0
2867052.96153218,2866354.0
3951595.523429628,3949676.0
845570.5112053767,844773.0
3657531.341430656,3659274.0
2494502.6697788015,2493691.0
2512791.1224215804,2512761.0
86449.77771790477,86295.0
1396625.4306319524,1396668.0
1601476.197836517,1600349.0
154668.76552387874,154593.0
568585.3799804912,569518.0
1150864.2195115874,1149779.0
2451120.744189404,2451313.0
15637088.376576869,15640875.0
383908.9869809361,383786.0
4012603.6155031733,4015824.0
254591.94883375915,254262.0
6110001.725824557,6109619.0
5240407.186117359,5241338.0
11257143.7614079,11259234.0
702312.6801003824,701265.0
1774430.7766368124,1773237.0
11706984.337888699,11708688.0
496892.26508206554,496518.0
18708087.363471583,18700405.0
603169.2242529575,602321.0
4425628.00857434,4425274.0
3210214.6149860034,3213482.0
4139673.8481981424,4138351.0
131029.18845450232,131045.0
381605.73566726723,381017.0
312704.0714819068,312825.0
8930872.668219388,8931684.0
12583353.773456667,12580419.0
358778.1987233633,358981.0
338330.2616174568,337534.0
4733540.008024254,4735086.0
3389734.5262940307,3388271.0
2648232.735851692,2648993.0
2707358.9929185454,2708516.0
1930515.7134748213,1929731.0
3161521.607203629,3159099.0
502567.1582610705,501748.0
2412453.728774885,2414092.0
756771.5320472012,755855.0
1386933.8229569185,1386606.0
1196938.0448155024,1197580.0
68231.71181635346,68564.0
1155782.888773025,1154430.0
552857.1655433554,553578.0
7454852.427378006,7456212.0
505365.3858378611,505705.0
129217.40552046201,128815.0
13311610.566883901,13307221.0
1593654.2450240417,1593837.0
6009707.672555114,6007843.0
10202874.465806704,10203044.0
984720.8886640047,986051.0
259745.62443914282,259464.0
2289365.6405474558,2289866.0
12554873.323798204,12553006.0
596366.7752708807,596577.0
6610605.976041581,6610245.0
1793994.2314032132,1792670.0
2108308.18442269,2107531.0
618055.1974042157,617099.0
3628136.063880531,3628008.0
1576883.1034408398,1576790.0
3119717.393097063,3117382.0
229447.9917941765,229766.0
3171681.2870563315,3171474.0
984220.2450568515,984096.0
1073856.8813714846,1075181.0
570735.8895422543,570375.0
2373735.1377495006,2372981.0
6583033.744712359,6585259.0
3734402.8234827938,3736016.0
170102.65651005358,169433.0
3920788.7580581405,3918537.0
8733699.654364603,8734068.0
368125.25929019845,368085.0
1956530.318232589,1956238.0
1328390.4210858352,1326934.0
15085502.225551274,15084307.0
3433860.4230278404,3431164.0
5682104.673371195,5679865.0
4930834.864130331,4926351.0
837615.0849277895,837612.0
5415120.318128102,5412296.0
668585.8612695589,668338.0
295512.3507309498,295472.0
14509408.061595185,14504578.0
3629015.6403001435,3625388.0
3203230.4024568913,3199006.0
775602.5031855208,773028.0
4327945.953495652,4325420.0
4137044.4116958873,4134285.0
2576961.4280734444,2577433.0
347265.1204132401,347754.0
1345305.6337022905,1344126.0
263932.83550371754,264281.0
4258930.331269691,4260121.0
16156290.27956464,16166955.0
1835060.6857051079,1835337.0
2831911.542387969,2832083.0
288569.70808965876,288943.0
3580748.365915477,3581792.0
2948721.7538258294,2949522.0
6148772.216099516,6149342.0
728204.4911795077,728043.0
1348333.7452672666,1348229.0
4509757.954747166,4504616.0
2616554.059574873,2617412.0
1915783.1259359955,1913517.0
216638.33538883048,217207.0
502239.8883853683,502525.0
480285.3327413762,479377.0
137458.90908351465,137444.0
729575.8634490916,729637.0
233762.359213861,234341.0
98187.77410709497,98272.0
379212.6853412094,378769.0
2257160.9819218596,2258135.0
433854.77204522025,433828.0
952706.686666408,953630.0
2788341.322707043,2789611.0
1176439.5559489212,1176947.0
198956.8718160494,198872.0
1855579.135673958,1854055.0
7273425.363048421,7270057.0
11032576.533067057,11036602.0
2145048.080248811,2143009.0
641375.7652987455,641395.0
1545769.9854609047,1547023.0
207547.68254645017,207974.0
310967.2537952558,311461.0
332469.2173939519,332709.0
631128.8630252818,630648.0
4806977.729945885,4805761.0
911763.2766338683,911208.0
7564945.21576552,7565525.0
7176504.746037941,7174085.0
4857881.64803008,4857869.0
947983.0349629178,945616.0
5556121.175223771,5555300.0
443764.6645379451,444028.0
268655.51425588864,267525.0
158567.1090702407,158844.0
13768037.816884715,13767202.0
4596175.965560007,4597606.0
1618968.4734524305,1618600.0
5954697.948251172,5956881.0
811967.3696676056,811574.0
219342.25858423868,219437.0
3281847.055820443,3283236.0
277173.7812574623,277536.0
4793870.133233228,4792342.0
3545543.67071461,3545841.0
219257.13069870367,218600.0
7081257.740729464,7083220.0
2655102.699620111,2655210.0
9798335.758279754,9805137.0
11705055.648029696,11707445.0
1894197.5595822225,1894852.0
335778.14747991465,336616.0
425951.3846324181,425654.0
7365423.730168764,7361538.0
6727506.171726271,6728451.0
2243526.657552944,2243026.0
1041124.2828422531,1040959.0
3819715.768221076,3818133.0
9126488.890119132,9129204.0
1960549.92990487,1962013.0
7268230.213765704,7265001.0
8556680.079569014,8556670.0
4587577.7959438525,4583070.0
518176.2671670909,518407.0
19100819.614974283,19096200.0
401052.7539837047,401885.0
2952654.205704707,2949976.0
1851187.45323989,1849395.0
8418814.304683357,8421876.0
2636010.135382907,2635559.0
841536.9644443477,841425.0
7754099.700403486,7756723.0
2677144.5813872432,2677983.0
276607.95241238864,276571.0
24104528.080579802,24107527.0
7693695.615080926,7692645.0
217775.13714127778,217787.0
847381.7920729958,846701.0
396376.36778315576,396879.0
24551904.522970334,24559833.0
63180.85904820879,62671.0
5371632.753885431,5368870.0
618190.7792759571,618508.0
1391300.7641747904,1390518.0
725712.2098051158,724393.0
31452347.706330113,31449734.0
1544682.8612900344,1542565.0
260064.4765141804,260150.0
363490.9790689987,362870.0
217840.6460416075,217897.0
8819663.162677512,8820392.0
240534.22868572344,240143.0
2018930.7125689632,2017902.0
979830.4454380089,978752.0
90775.18875936707,90608.0
6745504.534444818,6748217.0
201347.98633496623,201572.0
2692372.6722591794,2692414.0
1800809.1333142233,1804113.0
1065241.7855344706,1065301.0
252702.05190745354,253507.0
9399922.548941365,9398736.0
9176449.650282335,9177199.0
728205.616870598,728529.0
1676134.4305633474,1675603.0
3400530.5502414573,3402841.0
3069706.7789939186,3068436.0
1895264.4977474676,1894309.0
13937119.635443565,13936797.0
2980525.5861672517,2982726.0
4381575.234611231,4378608.0
330224.42384682037,330972.0
1000368.6789666398,1000781.0
3338655.103588989,3339005.0
4111289.855224669,4112128.0
206327.5823247388,206414.0
1849333.0712733492,1848641.0
2595215.6811511153,2591336.0
239177.03446615962,239931.0
1830674.9000079953,1830787.0
1323753.3191744143,1324470.0
9999065.238110082,9994822.0
2040218.7390056218,2038937.0
3841563.593343489,3842889.0
131811.68584977952,132076.0
428664.99375288206,428355.0
5560878.08604074,5561606.0
235209.75727245715,235479.0
267140.68704256316,267279.0
660042.0137345089,660486.0
216695.97163425482,217452.0
3100813.1987872394,3103998.0
5977844.040557428,5977146.0
2478196.582872304,2479043.0
165991.14189850728,165772.0
1735337.154396053,1733383.0
7670746.3263731105,7673251.0
237592.7438267888,237460.0
30340071.964423537,30343174.0
2233329.9087229576,2234081.0
9759542.888615947,9762055.0
2341266.310386164,2344871.0
792157.7744807643,792375.0
4522042.416317576,4522030.0
1052285.257508578,1051871.0
9951777.868406178,9955434.0
2025442.342554254,2025449.0
171491.75357325113,171273.0
12097397.025610317,12099146.0
5562265.418942955,5561893.0
1907847.3976034098,1906491.0
177530.47654856023,177151.0
5210306.669347423,5203994.0
170609.73816525255,170526.0
7445945.39770552,7441823.0
245855.43260793563,246003.0
3522818.085351503,3518902.0
1977498.233093007,1977264.0
4769323.539183301,4772395.0
2203379.761344363,2204242.0
28310513.851895902,28303648.0
3207168.56591709,3208845.0
2092460.528058569,2093475.0
1169822.9887610981,1169317.0
185259.33688280563,185468.0
3654384.786009404,3657911.0
137177.14254144303,137248.0
173417.46931562672,173465.0
2997890.8621121817,3000966.0
6872568.253395934,6875552.0
4064691.564512048,4064800.0
205932.07501716053,204896.0
134881.67746732652,134912.0
1657885.687461945,1657888.0
287830.41871574085,288687.0
595899.6336400209,595956.0
205602.69484215896,205671.0
951439.0397660625,952128.0
501710.1625919462,501257.0
4633330.109634659,4631889.0
2856146.664445924,2857520.0
12560040.347704772,12553943.0
11132061.145065546,11129692.0
1761203.1202555373,1761621.0
842157.8492354322,842853.0
18557181.429031685,18567659.0
6611703.360537885,6611844.0
7409408.411380187,7407097.0
1635507.3862039908,1634589.0
5026205.856639881,5020027.0
11478563.646930845,11479575.0
666024.0843244414,665648.0
18159012.040842157,18161561.0
16931250.292394552,16928737.0
730588.7157644283,729892.0
4139724.743866499,4143608.0
1163862.4718905967,1164603.0
1850175.3603003467,1849294.0
233696.92612100844,233712.0
165146.0773349601,165169.0
60832.9386175185,60699.0
1142329.698613709,1142546.0
10829406.661172232,10829412.0
517563.2431064907,517333.0
1856110.3956325152,1857867.0
18985862.659638677,18986562.0
2917002.8972013528,2917882.0
5719412.798573497,5717834.0
1278601.9649314762,1277558.0
2476577.9592761844,2478095.0
9589866.685303465,9586589.0
4129831.0174327674,4131182.0
232046.00710586697,232875.0
2910667.232840495,2909931.0
609678.3994259845,608955.0
5937487.087637251,5938139.0
784219.9957747629,783273.0
2033157.0130959188,2031292.0
5823748.019435391,5823054.0
156872.4060069878,157599.0
708351.5177328179,709615.0
8310570.532540211,8311286.0
249908.41543047922,248318.0
6829727.061005638,6832677.0
3449087.9044287577,3449873.0
179427.5292400656,180271.0
17337198.160565563,17340258.0
213677.0343585207,213312.0
1390371.500841042,1390905.0
23486883.001191884,23486242.0
6986156.884043306,6980156.0
2744234.701654531,2745120.0
9959982.225203745,9963500.0
328258.6115641674,328902.0
490836.2818496471,490493.0
1526596.8724941842,1527371.0
3134314.8836087356,3135218.0
88404.22584998922,88639.0
2079678.2387030069,2080585.0
5654975.244554072,5655471.0
2914260.930815486,2913010.0
270851.5937227906,270603.0
509106.807425722,509017.0
121993.94936758094,122198.0
221878.8988576347,222541.0
197860.99553605894,197984.0
6567455.97619437,6570299.0
1280625.8400734758,1280375.0
752259.2493089801,751673.0
3787438.6621634504,3787230.0
16084088.220847888,16088707.0
4225655.163544434,4229214.0
188490.71673554665,187914.0
106735.60652687725,106939.0
2820698.3957579327,2817814.0
12244219.719899554,12247919.0
508397.39191295084,507764.0
9628498.901040122,9630068.0
8355900.568935578,8361839.0
228248.97700600568,227646.0
8712316.550922478,8716403.0
1525975.461304098,1525110.0
2469602.4442135333,2469338.0
5666790.654884809,5664864.0
131554.25645535038,131301.0
1227347.5942277953,1227144.0
430655.7838265696,431093.0
477616.66517241194,478085.0
27547912.499152064,27547750.0
3376976.977674185,3378366.0
5199810.856121494,5204702.0
8096939.972090993,8097277.0
4008350.722265734,4009002.0
2901137.3139761775,2900444.0
3115445.6526089218,3115027.0
4309419.101267882,4311627.0
354784.86857585603,354585.0
4219759.140484492,4222385.0
155344.96352209285,155306.0
1500491.0846435847,1500387.0
4090612.785756831,4091960.0
504845.5544714906,505380.0
209594.62866990332,208951.0
11616379.192331836,11617110.0
922600.3944245351,920605.0
1203161.3605745828,1200797.0
2711076.35563189,2712132.0
366665.30449689785,366451.0
9296230.770675847,9299729.0
3880977.0677132043,3880385.0
11850923.57527943,11856649.0
351768.52782953304,352262.0
279993.6667033829,279978.0
2794633.298078976,2796556.0
433161.07179562945,433407.0
290550.4741491518,290341.0
223497.08297120224,223589.0
1169107.883867697,1168916.0
252408.46562578305,253261.0
1042695.959408799,1043309.0
119177.48148353118,119245.0
539265.3503464704,538541.0
155365.31427926564,154823.0
607138.321755499,608834.0
430074.3138427372,430212.0
866943.9912375811,865943.0
3117451.3455886827,3121036.0
145526.66233887052,145808.0
1157974.5945697252,1156944.0
8690942.82750604,8689466.0
705697.7237577282,705752.0
1184254.3870622045,1183288.0
9431832.85442452,9436932.0
34698309.58581154,34709011.0
6082153.200096095,6083314.0
8387816.312174742,8392882.0
4203988.015920673,4202315.0
3394665.4999516555,3395432.0
3842433.1464402056,3846894.0
638111.6224297768,637949.0
90006.5889844773,90200.0
8748098.847526181,8750654.0
1686183.3658468272,1686871.0
2177629.268441434,2178688.0
421662.72975302883,420638.0
8207519.012575385,8208063.0
1115801.3415316625,1116373.0
6477996.305445222,6476524.0
591694.3910249857,590583.0
544861.642365092,545294.0
278301.898725332,278481.0
9463264.846919375,9464843.0
1602447.9414475514,1600994.0
9545108.666371245,9546114.0
326904.518903749,325973.0
246421.8482654791,247300.0
7043725.58926391,7043369.0
2630695.0058924654,2629674.0
998448.2589451113,996908.0
321924.95055078494,321650.0
26970254.037199,26968608.0
575427.8068946563,575652.0
3496468.7332415367,3496423.0
695917.597427707,695280.0
8939377.949456895,8938547.0
2087992.3127222846,2087899.0
1803581.0129423214,1803579.0
227966.55079928428,228277.0
4612763.126811489,4613811.0
13240888.05358393,13241007.0
645605.4681543579,646577.0
11336906.44125021,11336021.0
215656.04055594798,215542.0
120656.75728259284,120770.0
1448604.061985917,1448713.0
7056494.906135682,7055763.0
458812.0001103922,459243.0
4214928.630932703,4211676.0
1218641.2559859392,1219512.0
2470473.851350291,2468391.0
1246305.7297525997,1245027.0
2612398.772074617,2613852.0
6993144.440858148,6994814.0
1683638.1589771213,1684866.0
17277599.599558372,17272620.0
351027.0406401613,351571.0
215787.29204762174,215320.0
200517.74282567794,200687.0
3107107.1963091185,3108114.0
1145125.950386166,1145920.0
6530233.2951465715,6528585.0
1106681.5538781774,1105557.0
1173182.5680284335,1172716.0
4963248.435460474,4965748.0
922326.6208260931,921606.0
356906.2711005328,356130.0
730980.7319643373,731443.0
12214331.212482143,12205877.0
8628158.794165429,8631180.0
450875.80186323833,451312.0
2701206.4330965076,2702335.0
3336307.760057166,3336567.0
792940.8764953262,792637.0
3644773.7396487617,3645571.0
241275.85498904192,241350.0
712950.4042859791,712685.0
6045077.955721461,6045897.0
595879.0473155385,596321.0
2260707.727644898,2258240.0
882966.0616276772,883707.0
2097567.765025294,2097519.0
141940.74573452474,141143.0
80720.84041503897,80654.0
525857.6254881026,525101.0
269780.57449509215,268811.0
1795659.8521798577,1795513.0
6902616.008498995,6905959.0
1673925.9598393624,1676720.0
1371339.2321490555,1372890.0
488586.45914037887,487960.0
771474.1231512529,772975.0
178081.76466451774,177962.0
4111118.751489328,4111552.0
266364.1616444808,266385.0
18347958.398873936,18348247.0
4640830.202336917,4639663.0
2401995.4114726423,2399215.0
5756502.030197601,5754654.0
9803740.215237001,9802856.0
165264.01237538675,165566.0
2186204.6257869545,2185746.0
227879.23853291155,228107.0
106550.68694793017,106733.0
1311628.7589874496,1311087.0
142939.88647814843,143050.0
296665.4149586656,297914.0
135654.69091501588,135740.0
14281018.60752548,14284004.0
1171952.1654339815,1170927.0
297059.08099808,297499.0
1411066.3834149484,1410365.0
1109052.2849311812,1111373.0
18180079.62097678,18176233.0
894620.658113732,894145.0
3394006.2900686967,3390637.0
336528.38106974156,336408.0
756498.0547564853,757055.0
5124979.950598892,5119034.0
1048819.1832825514,1049294.0
6214583.412599221,6219686.0
28251533.665572993,28253486.0
1333992.8315482042,1334826.0
252198.1435094424,251386.0
101727.8051542015,101178.0
2325572.66430671,2326189.0
5131427.799735434,5133987.0
319708.3903205686,319120.0
343861.3398782377,343330.0
583510.0196930141,584749.0
360772.7235505842,360796.0
296053.39855956787,296434.0
699383.4326311611,700315.0
5618253.766439576,5612819.0
715833.5431653438,715009.0
1062532.1057826371,1063468.0
210152.53285770153,210672.0
1697580.5803871148,1699238.0
670739.6917946978,671694.0
10324824.746249279,10324478.0
329920.1713433414,330064.0
3549105.861859583,3548750.0
2111506.347173688,2110361.0
51529.613077603404,51656.0
132351.12402835043,132108.0
3413729.200264628,3411380.0
2811350.5741886077,2811923.0
2168098.2559317793,2166123.0
2754595.44819636,2758033.0
648356.2751367206,647798.0
4605550.081109799,4603340.0
3489462.9955214886,3490148.0
2488807.8505017394,2489514.0
172245.52725573856,172298.0
787030.9037645231,787098.0
2095836.935210852,2095409.0
187444.7514068295,188002.0
907903.9047142678,906311.0
80593.74443332435,80734.0
1905627.5371706851,1902664.0
431835.71140540024,431828.0
229652.38191446988,230119.0
1346159.3584338871,1346910.0
777181.9918717488,776472.0
1480661.0703591087,1479443.0
613032.9499234001,613122.0
215282.67971293884,215421.0
14874163.133696413,14868414.0
3141769.8304058844,3136742.0
544786.2790760495,545307.0
508642.1619682621,507507.0
16156952.933565322,16160373.0
1753309.1686572176,1750854.0
13150637.630563747,13148394.0
964857.9600344205,965955.0
3133110.459295991,3134346.0
965957.1166107876,964360.0
6493197.918871819,6493034.0
654397.665121042,653532.0
5377159.564952874,5370598.0
3422889.6174380826,3420881.0
1259300.7609509374,1259573.0
5133018.712674089,5132908.0
83313.09228876767,83426.0
8724853.153912129,8723304.0
5851240.551261454,5851447.0
1168913.464629837,1169056.0
741251.3908189685,742856.0
582907.8858016222,582479.0
2140988.166665902,2141552.0
8395734.127856892,8398002.0
1488445.0578470945,1488039.0
823357.4317753825,825038.0
3562581.576786111,3565030.0
2086452.9822986734,2086323.0
10893753.462784171,10897528.0
658392.6640252727,659665.0
482202.5165982777,483024.0
943044.6631585893,942396.0
1112874.7461214915,1111500.0
1007155.8300318911,1006382.0
13385136.467480632,13389998.0
5286639.474410488,5284938.0
3833053.210052847,3832277.0
4540192.940281652,4538201.0
555440.7342137628,555604.0
2130936.0167682823,2132989.0
1734587.2769803382,1734847.0
210055.36905950902,210648.0
5109689.291830239,5108064.0
1029056.1535545214,1027792.0
288252.3429373155,287153.0
6639152.754931479,6642122.0
343480.52900154766,344209.0
634489.5947901612,635001.0
10799238.14082667,10801474.0
7210299.551221834,7212386.0
2761987.479890629,2760460.0
4821155.06642435,4821241.0
280724.0934188705,280925.0
1709889.1615916959,1708651.0
1599506.974374166,1598666.0
730982.9020504635,730823.0
237071.98649464967,236722.0
1229572.8395021877,1229712.0
342427.52568036184,342020.0
2416557.0704605845,2415274.0
620962.8839239957,620065.0
595374.6803712457,595786.0
285367.68934415025,285114.0
4623446.290038855,4623483.0
745796.9583033749,745378.0
1219971.852381443,1221058.0
172529.65089638584,172459.0
927645.0627110427,927826.0
475229.7845652504,474283.0
3332414.156546112,3335141.0
245540.9411232662,245460.0
9046050.323208569,9044981.0
1052927.6709218086,1051959.0
251221.0771448789,251239.0
13024055.154380934,13016514.0
13009510.99910171,13007865.0
1503027.765810906,1502100.0
212595.65272956007,212182.0
20790883.487506993,20792821.0
6677142.482990178,6679233.0
5275395.317553549,5274669.0
604999.77561032,605333.0
903181.1664470752,902805.0
254362.15854952452,254913.0
4714194.03423122,4711794.0
475076.3345120952,474496.0
3607410.508263968,3607196.0
3156160.065075289,3157011.0
581306.8006684907,580568.0
13705560.267570838,13703180.0
106204.22570493925,106934.0
596232.5477653821,596551.0
4669710.142508798,4672381.0
101635.61047632238,101386.0
356411.7371262775,356996.0
11383123.543064712,11384324.0
464841.80273741396,464197.0
846302.4129529127,844419.0
645571.4481595162,647542.0
77584.29406363009,77723.0
334883.47791513655,333731.0
1926673.2638027489,1925491.0
1863063.5021143775,1861986.0
673449.7501076321,672288.0
2498838.687597033,2501343.0
251209.98714716383,251591.0
334987.70809323556,336036.0
12144318.291237097,12144897.0
1530405.1499107382,1528785.0
8013361.075964366,8016215.0
223283.38662403214,223523.0
7296965.804194883,7299861.0
12130098.266884355,12129400.0
13453380.238468317,13452804.0
702509.6654847687,703921.0
182307.00411989773,182663.0
533370.6947898844,532567.0
410846.9100089593,410382.0
5866438.042960553,5864373.0
234429.62649853164,235040.0
324679.4531642111,324973.0
7278838.519216186,7278682.0
2430613.1541765793,2428097.0
1666786.0971522965,1667677.0
3796187.938172846,3798863.0
173643.3198020737,173309.0
3195496.3642427563,3196348.0
712288.9394006926,711689.0
956872.8744392153,956797.0
95303.08940101246,95563.0
895795.1607702953,895101.0
9977121.742581056,9974976.0
3019564.2501784028,3019122.0
1681456.6247189909,1680769.0
11793283.237219494,11797780.0
125470.61570104382,124541.0
1897131.920548977,1896473.0
347431.2675049476,348248.0
5072075.886541373,5070693.0
176908.35786238118,177337.0
522818.63471431134,522644.0
1624753.5735895196,1625286.0
14359279.709403142,14352922.0
3509154.353007581,3510210.0
206709.42665593768,206920.0
7860175.3574672565,7860880.0
808752.6236528856,808664.0
1478827.1511708705,1478187.0
11742496.024799712,11742627.0
342510.16378097754,342866.0
8126509.766054431,8124725.0
4350250.256434421,4349819.0
110225.74469875373,110571.0
139492.736568719,139087.0
56505.27046099157,56371.0
3937832.7226863247,3936704.0
178645.3288766781,178492.0
1787097.8952369427,1786237.0
2188635.0651216516,2186841.0
2848411.9461152237,2849770.0
5534890.585592655,5534233.0
108875.34015849822,108426.0
1183669.9850550178,1184379.0
7067264.562129467,7067658.0
435217.841941809,435517.0
130901.26644668168,130908.0
763911.2280102704,763238.0
2346304.03218074,2347869.0
7983454.6364760725,7982761.0
14780781.315933608,14783851.0
2282694.0112177795,2282791.0
1219430.624948464,1218354.0
986394.4309805573,986931.0
788913.0773434325,788876.0
697812.548978837,698384.0
930337.1192080232,931180.0
558775.1468101995,558700.0
876018.305380956,875706.0
988626.6342904164,989207.0
1304831.8576905269,1306174.0
246451.57303524634,246847.0
1061007.066271344,1061620.0
193657.3790549161,193573.0
24940779.021791723,24935180.0
376921.2785119672,376672.0
456619.2558291594,456715.0
224334.83533503165,224646.0
1062367.558857059,1061331.0
101219.11014383282,101080.0
5894877.325753683,5894820.0
5451788.687750473,5453596.0
3533951.8427855326,3535207.0
115585.59069383459,116117.0
2022353.6893280891,2022728.0
2176970.9906786513,2175402.0
124537.65600679473,124286.0
3929216.953771746,3929004.0
13755681.745976353,13757237.0
3243103.582263069,3244256.0
2426577.0933820345,2424981.0
425459.0008690253,424635.0
274422.25751146744,274690.0
4790508.752746553,4791998.0
257832.6034675138,257402.0
73951.07233477205,73711.0
2877579.745078671,2878380.0
14851993.949217757,14856541.0
330804.6284331532,330903.0
1762431.322402548,1762984.0
16069867.814943273,16067086.0
89642.29802370466,89860.0
4130282.5948803592,4130092.0
241228.05650207066,241560.0
95285.2659685643,95221.0
2952025.0381782223,2954673.0
13621162.893156061,13618853.0
2750899.764455447,2753472.0
4054281.661004333,4057039.0
3600700.843619143,3601787.0
8011802.9111396475,8013212.0
3631162.3861565418,3630533.0
763565.6305369654,762717.0
5648236.120803741,5649285.0
7536838.521742442,7533141.0
3393000.078537131,3391951.0
626375.188172768,625738.0
769280.8528652265,767983.0
1152300.125684455,1151453.0
305053.50659588346,304649.0
5741525.318304614,5742245.0
2106470.1884235973,2106240.0
420761.31277016416,420503.0
1860216.48368036,1860376.0
772245.2764437975,773025.0
1200899.1758715766,1201118.0
282839.81378987734,282241.0
1175310.7301781795,1176885.0
5359897.607449121,5362857.0
662873.0156647683,663554.0
804884.2722742547,805359.0
5217196.063728224,5217272.0
253136.7543538097,253421.0
373088.93633894017,373225.0
69294.25039235022,69449.0
4336209.554054157,4337927.0
473496.9910576817,473487.0
435181.68622263864,434939.0
410128.0787751447,411718.0
10540657.90118077,10537913.0
3236754.0139351343,3240621.0
6630805.546064606,6631097.0
461050.84502336854,461127.0
9174450.112704301,9180630.0
341334.80748673645,341071.0
3840801.5668250574,3840748.0
576956.7829250947,578354.0
310002.1400850133,309798.0
6288669.394187604,6289765.0
657283.3059661933,656943.0
2821692.1624845634,2819499.0
89379.10954486165,89353.0
1984750.9741195275,1985509.0
583690.3106276258,581893.0
221000.94473417063,220918.0
485832.1190881967,485057.0
1999056.1511298877,1999654.0
291230.0154358843,291099.0
1067890.8191487743,1069171.0
7299884.605524381,7297682.0
895258.9420315732,894953.0
104932.4099890657,105166.0
261439.99452996725,261926.0
2889546.9704531254,2889598.0
224035.99779593627,223774.0
1904807.252372288,1906552.0
4073585.242893011,4071239.0
577719.6941238112,577634.0
2596865.1011085305,2598701.0
837653.4893359293,837528.0
1077502.8050398054,1077165.0
385146.4622410114,384796.0
3404517.9461895344,3404562.0
5063208.052412431,5065287.0
11258766.497480148,11258600.0
274163.2398093495,273825.0
1403561.0547878658,1403002.0
1043054.8321783718,1045499.0
122513.84677170223,121817.0
3122374.1288476526,3125398.0
12260012.923129277,12259049.0
2808562.79185534,2807342.0
13847424.583034346,13848281.0
1528083.0332764213,1528604.0
10475099.362461708,10472428.0
3566269.663216043,3564845.0
1964444.5101279623,1965967.0
2696903.645212768,2696223.0
543766.335545003,543550.0
804159.8735499617,803493.0
309815.8328307524,309524.0
1693365.4902598504,1691715.0
1027695.8991455513,1025510.0
1236575.8123946516,1238414.0
2470809.3080183137,2472226.0
2262219.5772204283,2262899.0
582539.7913984357,582621.0
147182.6489999969,146650.0
1966646.6439878405,1966067.0
141213.3850354404,141872.0
279571.2018712882,280439.0
1716914.4834870477,1716007.0
3613766.0090210726,3616056.0
1894366.7697125485,1891880.0
801624.4065254487,802255.0
867298.5150569001,866599.0
1239534.653947614,1237682.0
563431.9447316956,564258.0
924098.5401723698,925575.0
3567350.0015914366,3571092.0
289304.8158230721,289448.0
526320.9895049667,525328.0
4180435.402337833,4183946.0
4804002.9110475,4800884.0
296344.2367960601,295396.0
1731022.931584473,1729622.0
356274.4295904612,356670.0
610204.8691548192,609692.0
197834.80667604093,197709.0
387093.9369410101,388151.0
143954.08704226266,143269.0
1648182.2887083136,1647606.0
95178.89781813913,95144.0
12557475.821203584,12560826.0
1466111.0678314567,1467222.0
175701.32080402886,176426.0
2599122.446090499,2599544.0
3170289.307146772,3168529.0
1104540.7054345324,1104785.0
355942.8046968326,356297.0
275587.80080961884,275285.0
8485779.025900755,8485147.0
245310.193667546,245778.0
4208356.987900219,4210326.0
880993.594773545,881529.0
2399836.0188667993,2397447.0
2842213.151677799,2841343.0
5754891.601730955,5756159.0
1525340.7477724773,1523029.0
45000970.42216261,44994392.0
2845123.9602761795,2845538.0
703145.9573936845,702643.0
3060991.9324721224,3063346.0
328566.5046625536,328193.0
5580520.801334854,5579779.0
822734.7322012398,822285.0
2313653.629898558,2314685.0
188171.59247745364,187829.0
1876992.6327770513,1874958.0
10820106.853812505,10819404.0
729397.818990012,729276.0
1993518.3972888947,1993101.0
3232420.5422722166,3233758.0
2051387.9927531325,2050964.0
2646380.9940898954,2646601.0
102932.12577407433,102737.0
278844.25965413405,278625.0
2330795.952124225,2329747.0
6639442.482292913,6639168.0
770032.2087822998,770065.0
966256.3605412787,967489.0
872081.0466896289,870330.0
941024.2613432455,941918.0
708666.983931137,709367.0
1006622.5798957524,1007132.0
4347799.089044598,4349349.0
535739.3863750906,535849.0
131764.35478638706,131691.0
786586.5887812697,787114.0
636988.94725698,635565.0
10218726.395352237,10220968.0
5320744.049150154,5320398.0
341305.62301222887,341036.0
937392.5430823137,938493.0
6999286.830327058,6996324.0
9961996.502146356,9961700.0
3403183.8313408317,3402186.0
1169281.9984515763,1168203.0
4530219.756754023,4527472.0
633048.5712492276,633552.0
95481.30326576304,95600.0
4184569.081163296,4187861.0
67119.0249115381,67096.0
1611169.8152564291,1608764.0
891786.4657506583,892178.0
3648210.7646371936,3648275.0
42839572.02792596,42839808.0
710955.1151626053,710700.0
2483547.7165289116,2486740.0
9505834.863773322,9501133.0
2134761.891853591,2135904.0
2565802.519172798,2566241.0
12154910.368704872,12155914.0
658349.1793360218,658203.0
4839084.303741039,4836988.0
268026.39070195256,267612.0
7647350.376583629,7649096.0
1900167.7584871263,1899430.0
102565.54631076302,102572.0
4686572.12589623,4683890.0
2574963.422830157,2573564.0
598433.1326967034,598238.0
326935.117483337,326384.0
3977094.4109526714,3975879.0
16613191.87429778,16614397.0
622639.9932404486,622844.0
1348868.3789957603,1347782.0
2358442.1812370187,2360059.0
30625802.692186993,30628031.0
158191.24489871954,158510.0
628251.4901223342,628696.0
1498626.4422924607,1497414.0
4850062.476777297,4849863.0
1101293.4132960264,1099638.0
2069868.1884008911,2068982.0
3095260.136956045,3097810.0
36634196.17660727,36631815.0
1035173.7896094519,1034747.0
1271964.7450338448,1272294.0
2992982.404687819,2995065.0
136678.92280584096,136545.0
2864321.6265452313,2865966.0
350606.4527187024,350134.0
29218372.34189588,29221556.0
15780268.696847344,15784839.0
982313.9438481918,982190.0
185104.5112628301,184590.0
305978.21230546245,305346.0
4306412.165869175,4308233.0
149870.56437371793,150189.0
320864.04957819363,321751.0
7852802.575115877,7857295.0
1287093.8864449821,1286183.0
1215188.2717327117,1215497.0
921114.278206137,922722.0
7181172.233409162,7185514.0
1745534.782846981,1744124.0
58259.76250348786,58471.0
324666.7141643521,325068.0
126458.60798952769,126595.0
1864500.228320833,1865802.0
7713646.305583565,7708475.0
333340.91245290346,332662.0
539399.2971490574,540316.0
1848155.1974267557,1849306.0
10759300.089459427,10756520.0
10266508.96431958,10265522.0
20451270.045425147,20453887.0
391258.6892749,392392.0
13153294.8483219,13156660.0
1671185.2453810405,1668409.0
285067.40970446786,285109.0
2138848.3096424406,2138522.0
416271.58423915884,414600.0
2651297.9531345316,2648672.0
748499.6806333367,749410.0
580378.9100574022,581172.0
2395133.920229274,2393784.0
4419281.041855749,4418609.0
5962800.163591953,5969753.0
279523.4921174765,280002.0
5409384.330565155,5410985.0
1200011.927517615,1200978.0
1460833.3078092546,1458935.0
402594.9445814642,403181.0
1053150.5315555779,1054073.0
2812876.8590536737,2811436.0
1990939.218915286,1992966.0
406002.0695416208,406303.0
3489181.2510836106,3487789.0
18752395.40833059,18753911.0
1810228.1917075804,1810224.0
1367619.4855496814,1365933.0
18334238.264313377,18339214.0
958169.1790312501,958518.0
11799622.516749676,11798126.0
2741368.2364671086,2739635.0
13616317.000205979,13613143.0
11739828.449128538,11741095.0
450731.2432817101,450826.0
728460.4019994218,727882.0
2164020.199273769,2163403.0
2036013.012905882,2038875.0
157126.49046798484,156919.0
5760474.274022357,5756330.0
1242481.5158680498,1241578.0
1664326.127159544,1664534.0
1604366.0130020352,1603490.0
1261510.7234082725,1262134.0
435017.17797345796,434942.0
100483.8369588287,100784.0
3421666.74338188,3419010.0
20811262.230051734,20811040.0
13178262.127740452,13178501.0
1184350.5491447358,1184969.0
1876650.9930141633,1874258.0
84517.68065289992,84244.0
1046119.4447343904,1047466.0
149895.744786251,150235.0
8913146.301642636,8912302.0
1190545.0782003128,1192159.0
1940703.4271304102,1941058.0
35648597.178153515,35645139.0
456588.8918865591,456799.0
1736458.7677788325,1736555.0
780110.28363375,781513.0
198839.6092070352,198767.0
1053939.6563209114,1055199.0
307305.6319702417,306836.0
142517.54483505755,142605.0
4407737.027566555,4410179.0
289115.8832389126,288179.0
2784437.1123913573,2785445.0
365928.67434088653,366955.0
1340659.532970218,1340240.0
1465938.2842088179,1466696.0
6617710.719273891,6615406.0
11980172.46478977,11980446.0
199628.7103463215,199869.0
284032.5949401158,283710.0
1491723.6248486454,1490512.0
18530675.80263891,18528126.0
8718241.745202102,8719931.0
8047272.569972015,8050913.0
1217687.8976132448,1218683.0
2631042.985708386,2631860.0
94860.79909282953,94592.0
1082363.6117206921,1081019.0
1297065.5632495282,1298347.0
6790185.423593988,6789962.0
2141997.952102733,2142046.0
4880908.231601722,4882393.0
199458.41296907925,199469.0
169095.2899772867,169806.0
2232729.4496357585,2232323.0
3978477.06659309,3976824.0
1931633.1141241305,1930482.0
480351.22729207604,479851.0
1865808.4838645374,1868151.0
259420.2361054413,259929.0
152032.19885948565,152133.0
1450516.687725124,1451366.0
1082854.3885325284,1083251.0
3236283.5971241975,3236140.0
313871.2530203591,314917.0
428228.02840145177,427970.0
771147.5016634453,770145.0
912736.1369651539,911994.0
6515335.969906825,6517969.0
147027.0826844155,146525.0
902513.536366679,902193.0
261372.20187997073,261112.0
869463.9910885359,870922.0
15091099.486172015,15089022.0
73562.31903914177,73286.0
167596.02257045862,167807.0
3225103.080981815,3227695.0
605858.5462253466,606371.0
15053253.653588094,15052404.0
377069.49824907613,376490.0
631546.0797636393,632715.0
1516690.3397235298,1515605.0
1249719.428798024,1250675.0
24444901.55637963,24436662.0
127761.08036224286,127351.0
8302096.221250398,8300891.0
507580.2130267375,507099.0
3893798.213609692,3894183.0
4032947.8825357533,4031119.0
273569.45745837357,273210.0
8456877.746828351,8453447.0
4854935.336401248,4853455.0
227541.04204357785,226943.0
655306.8492916379,654407.0
23068898.87607847,23063591.0
1602850.9806584043,1602928.0
11028891.053515712,11030703.0
216965.37144563848,217932.0
163095.77099050296,161793.0
625840.4654079106,624813.0
5630015.543446839,5632751.0
2098709.1411994775,2098144.0
295481.83461998525,295072.0
203282.10437440418,203014.0
5344370.791541524,5343640.0
2674429.369881584,2672802.0
200222.43004738248,201004.0
2106023.5800193287,2107922.0
3122641.189683945,3120970.0
77403.53053227195,77479.0
924073.7040354012,924918.0
3558991.9636012693,3559549.0
2588546.536233499,2588199.0
865864.5301726483,864932.0
1014325.8335030668,1015924.0
331904.25090651365,331660.0
7492063.530532151,7489134.0
9621813.347979994,9619416.0
436019.91909323534,435715.0
898637.0486278774,895814.0
4151923.7244354114,4152835.0
452463.24761726224,452386.0
2637744.8265830404,2636841.0
22830780.628728583,22830504.0
135423.83735357304,135816.0
19476475.977184523,19479416.0
10606892.262226868,10609161.0
2958321.9369258126,2958891.0
303554.1125302681,303459.0
1656575.381500803,1656212.0
2993863.3603104693,2993120.0
85908.06849973013,86089.0
1025391.7864886764,1024809.0
512605.9513524104,513925.0
2024710.6498794246,2023721.0
892180.9648318731,892382.0
16328128.194133623,16320173.0
9684535.740462355,9684408.0
376298.85932994046,376739.0
299599.9839940306,299568.0
10492566.216739863,10492165.0
1574101.0361969243,1574616.0
12516230.449390572,12517301.0
804479.2046921938,803516.0
207075.86973719494,207682.0
34707503.68073496,34712064.0
223124.1395558041,223670.0
6826716.510483052,6825281.0
161839.541898531,161739.0
588996.6615103564,589391.0
4707909.112507972,4708492.0
1169140.5840907237,1169488.0
11204030.376289994,11202777.0
499211.3214825363,498541.0
3671181.1292527737,3674345.0
4487736.387906419,4487848.0
1742915.5588570593,1741920.0
184313.1220051905,184214.0
5390918.515725644,5391280.0
10580084.629333809,10579422.0
6175116.936096914,6176877.0
2006359.0104622135,2007237.0
1769249.2568435592,1769542.0
2576701.8086429983,2576123.0
1491288.0130629975,1492525.0
381717.0828151233,382067.0
121929.81481758099,121970.0
274967.1024254888,274240.0
7429175.995275025,7433383.0
10676124.78441791,10680130.0
751600.2796562411,751733.0
807535.9077230038,806366.0
5350459.360984572,5349121.0
6890848.1459307475,6891538.0
529959.6861624083,529832.0
16902575.799089223,16899687.0
3607571.414676004,3606057.0
2992246.8494704533,2993037.0
212620.23581549592,213212.0
800967.787997545,801947.0
839420.9611285827,840086.0
581683.4962937572,581124.0
3924632.2587127243,3927939.0
789973.849935555,787340.0
219084.0583085522,219632.0
2564616.850399989,2566842.0
705081.4394984014,706258.0
14303741.877227517,14299685.0
3804883.9177986886,3804299.0
2666287.24506661,2666360.0
1360303.4779535455,1360675.0
328802.3422312729,328708.0
254011.48235403985,253418.0
3296691.2250585486,3296581.0
4115465.005975949,4116134.0
4008889.005199688,4004558.0
17254165.453286227,17253139.0
12638709.673671482,12635399.0
6748661.387510177,6748736.0
305297.6394864858,304940.0
147871.5547025448,148187.0
271082.19661969645,270684.0
206083.12840459158,207030.0
2785695.3733358677,2786455.0
481236.03307483596,480608.0
939300.7483806148,939071.0
111149.39826634854,110594.0
241842.44626489157,242064.0
1281271.0243535517,1282316.0
9376566.763980689,9376770.0
11270925.610390393,11268112.0
1013002.9306120642,1010920.0
5582679.146616222,5577472.0
226425.79288444808,225795.0
995910.7888117855,995612.0
24379011.847065438,24383692.0
7820372.657029182,7820551.0
129079.54302442975,129071.0
24172900.432912163,24176172.0
25303308.975408174,25301067.0
370217.30191700323,370105.0
3941080.4169559777,3939252.0
229755.7985682931,229582.0
225664.7597747105,226060.0
272584.0812261433,271997.0
2347179.0333912177,2347614.0
9087781.222821489,9090087.0
2352191.90802128,2350356.0
1237215.5590787039,1236889.0
691586.7840851315,691229.0
3054229.349368922,3056219.0
560946.920038897,561408.0
102914.18158275832,102942.0
2032967.336180353,2032230.0
399019.50583838567,398625.0
10201224.380233739,10197086.0
4154956.349730117,4160498.0
3534215.0267712553,3535264.0
172522.24009952406,172918.0
20719292.51861707,20718057.0
1456606.2260142192,1454581.0
4016584.205154048,4015281.0
3585204.538302265,3585852.0
756744.9979473003,755472.0
2764737.010165445,2762955.0
532843.5749245777,533294.0
12283046.21518511,12286699.0
6110998.339352195,6108672.0
922808.2322010951,922137.0
746083.3134311198,746647.0
1752908.9174894644,1751108.0
655058.2627526142,655269.0
3759683.277365298,3761860.0
3901703.700643784,3903820.0
397167.6044019032,398202.0
393533.96915523737,392811.0
1687854.7467237527,1687099.0
475609.1479687689,475825.0
947578.7729677537,948654.0
11313497.502656763,11314559.0
441985.5596502835,443834.0
4449163.705584264,4449876.0
114172.09307023804,113900.0
2602429.27065403,2600864.0
1801190.9750506994,1802378.0
2371373.0938117513,2371269.0
4057569.1229417566,4055231.0
423450.3566761189,423431.0
3252440.1565260417,3250563.0
434714.00522832846,434773.0
291480.7493527196,291115.0
646297.8780076604,645469.0
124805.1843856374,124756.0
306949.9789283958,307252.0
163482.4979788751,163499.0
1831035.3184411249,1832319.0
7235204.193236863,7233408.0
8453261.084857725,8457863.0
20184185.02782122,20186733.0
125255.78944311413,125188.0
5687285.01899324,5686082.0
16160957.325293696,16160007.0
798085.0323191042,798956.0
2366185.3506054087,2364500.0
1584885.8197470605,1585137.0
1694803.3749625403,1694415.0
228764.48809992554,228271.0
8447914.908155033,8447847.0
217912.36444936116,218217.0
1416412.8041209155,1415072.0
642008.9724598147,640241.0
5196531.075293899,5193549.0
753904.8432151044,755025.0
1417417.9046967512,1418907.0
1841902.011347891,1841388.0
20838735.22524728,20845085.0
387482.7700475497,387889.0
3484720.550141721,3488339.0
10103624.204417724,10102353.0
200841.8016460858,200278.0
719471.7127514147,720145.0
7201545.039353873,7201022.0
663268.2983050654,663357.0
747872.7185805825,749030.0
89830.17122821393,89872.0
3088464.5908235903,3091514.0
9036350.777011286,9041925.0
1964845.7207323608,1963712.0
2503452.3498268453,2504369.0
12555406.699164543,12560206.0
143865.00292621483,143758.0
4793457.364671909,4795252.0
1243656.5035726156,1244422.0
284531.7750423556,284327.0
1624837.053278848,1626531.0
3821916.88455039,3825745.0
3754942.322671188,3752415.0
654098.8312163983,654867.0
1043322.2645238219,1042805.0
563174.4085281215,564248.0
14803233.73259304,14802147.0
4201526.305782493,4204663.0
1687156.8407993626,1689120.0
1179298.4586908915,1178633.0
4142027.81320914,4141100.0
4060468.0261983993,4062039.0
212108.69468376934,211968.0
306596.78089685354,305390.0
2573926.869582208,2574636.0
1064144.7871100628,1062762.0
3688829.6495083706,3690590.0
492283.5080772583,492804.0
736112.8755518944,736722.0
15381529.596785614,15388348.0
7117182.6452407325,7117055.0
486821.6838122279,486511.0
4584021.065424512,4581311.0
841941.1441111196,842149.0
12976725.594218412,12980485.0
2020453.2969875496,2020739.0
308044.6591649373,307434.0
1537617.092913758,1540044.0
515342.4611050288,515089.0
14338040.066384425,14341976.0
6007261.379248826,6005879.0
4439366.332065289,4442942.0
1645703.7199427125,1645021.0
594029.7853217088,593421.0
83974.70071547208,83951.0
835566.6112284028,836057.0
9171076.61885883,9179590.0
430727.1578587457,430980.0
164645.37935299054,164631.0
3434708.7811777988,3436043.0
1218123.703379288,1216656.0
570917.177331218,570720.0
16239042.474906875,16243367.0
369985.37970425654,370736.0
387834.8579558212,387422.0
4183641.8116108775,4181790.0
83464.9713712294,83520.0
3797169.5825653044,3798654.0
894649.4812908706,896156.0
249448.90521735288,248595.0
1340848.315351709,1340180.0
149017.4568378115,149357.0
2987687.08114079,2985434.0
76377.80867152335,76278.0
3560523.452390873,3558488.0
17658576.206069138,17658115.0
3637991.960816019,3637992.0
12122162.745392345,12118844.0
5958571.619842544,5957806.0
5293399.822677296,5292360.0
212844.02100434699,212769.0
16084086.038562251,16078458.0
2395799.8587035257,2396924.0
1723754.1821764999,1724514.0
3420322.6830266723,3420764.0
730567.0809847104,728817.0
64498.14998966572,64414.0
221272.35586629633,221410.0
8548871.436821053,8548072.0
483808.47543631174,484721.0
1623191.29361015,1622702.0
1409433.9854417827,1410900.0
3565042.2991550523,3564727.0
3952819.703347839,3954432.0
358638.8627289682,359329.0
1564785.3519709115,1565293.0
539660.5451953645,538526.0
4586920.157036037,4585410.0
527324.4300958922,526494.0
257075.54741413667,257170.0
509341.0751016628,509669.0
14362333.933231406,14361722.0
145668.514609918,146183.0
632022.439489938,633630.0
94510.07568853037,94891.0
2495021.011122939,2497266.0
735262.7795320188,735366.0
3903284.3755256557,3905038.0
360705.3530593631,361112.0
314218.80443625606,314299.0
10597908.405733503,10597489.0
21263017.909860022,21259984.0
705939.977685057,706534.0
3214351.538927783,3212597.0
2538917.7637775666,2537845.0
1556212.7727510198,1556023.0
123099.88317193073,123188.0
927414.9052463031,927102.0
103918.56184647532,103720.0
1867921.0926696334,1870635.0
977821.6624922517,979210.0
514248.6304882871,513177.0
464100.18459584826,463630.0
4009881.6111935703,4008215.0
347803.4861060667,348373.0
1826015.3854547192,1826719.0
2205599.425685516,2205762.0
1488068.4399934157,1490204.0
515360.8945971956,516805.0
943271.3616400043,944674.0
21590320.189862452,21584816.0
294335.4761578013,294324.0
18077890.879722595,18076843.0
13306666.420770051,13308492.0
315259.876223008,314655.0
941023.2145004767,941635.0
2597002.0846432704,2598286.0
722283.9974197695,723139.0
855298.3462807159,855766.0
6779513.875047904,6779826.0
2977218.5830735774,2976438.0
17983311.166701782,17988707.0
559009.1111726426,557322.0
1427637.6730620873,1427929.0
171968.98390785488,171334.0
1885420.8119270024,1886186.0
2992336.194785693,2994668.0
259851.76829521958,260113.0
412989.07351944875,413978.0
1555262.6296913815,1554296.0
736159.6920611239,734774.0
62169.10364683739,62187.0
1037129.5350807776,1037299.0
4870299.240271173,4870176.0
5207544.820040282,5205402.0
44736716.11245154,44728013.0
16640936.297569424,16634750.0
259558.67384806176,259453.0
2250909.5542741455,2249745.0
3867438.4757637093,3865687.0
1514338.890745254,1514589.0
4932068.426546063,4927900.0
87519.16931329129,87012.0
1268821.2513709585,1267733.0
2909034.652116355,2909657.0
1396710.5132533684,1396773.0
7422247.470616939,7421429.0
5047448.659319197,5046023.0
195271.40553106114,195739.0
4576011.548061548,4573295.0
1977441.735583418,1979491.0
162874.17210862433,162818.0
218764.43824547163,219569.0
135195.5120666602,136015.0
469260.84594799654,468676.0
461026.0268076627,461580.0
346863.2019016327,347264.0
14682730.440011116,14683908.0
1068043.715432212,1068856.0
5632499.863163072,5631348.0
4203659.199208554,4203338.0
153602.45492906478,153576.0
724485.1610024206,724225.0
1234698.0202017955,1235752.0
364192.39191224985,364751.0
3054685.030422435,3054271.0
972114.9092008877,971165.0
537776.5845547152,537872.0
1339323.2257157124,1339181.0
1128052.235207543,1125806.0
1576850.1428758975,1576777.0
1043768.7042363619,1043493.0
2350034.970843985,2350475.0
1345506.918876447,1344669.0
1383968.6211343005,1384969.0
201504.49848154045,200935.0
6023259.639602168,6027253.0
128891.67884426721,128864.0
541867.7497537724,541544.0
17547564.096504416,17544314.0
1201238.0717587671,1202870.0
902800.082231497,902268.0
7289176.263950174,7289231.0
800035.3552740646,800842.0
5306648.439446365,5309896.0
1920092.1925291808,1920152.0
20365661.113423258,20364634.0
324061.52188800316,324071.0
127633.55892414672,127236.0
767116.509829326,766992.0
1802709.1820007553,1803043.0
71025.01592343645,70944.0
2740296.886446912,2739532.0
3798054.32927659,3797682.0
12520662.73003356,12517525.0
330077.23576589604,330782.0
1461192.3438337427,1460261.0
91155.35346154177,91227.0
2581539.077214677,2580285.0
1394555.035401697,1395361.0
164296.6740443984,164287.0
5453930.081688898,5455483.0
2897814.3204885344,2897830.0
485102.6021856564,486843.0
460744.4024343443,459338.0
1733325.9899666633,1733040.0
461008.8013507011,461878.0
5805210.671614636,5804383.0
172011.84990803726,171607.0
4084306.9866034533,4086569.0
321972.1640555151,321683.0
2186247.6655703657,2185278.0
1473907.036246358,1471900.0
2263255.949158873,2261689.0
316670.6575564676,315758.0
9594638.368358515,9599020.0
3482442.817127993,3481795.0
204902.21662237696,203949.0
1003391.5476186483,1003844.0
164893.10300227118,165390.0
739894.2364771555,739055.0
367157.7505621176,367450.0
1361851.7227671964,1362674.0
113174.8872733141,113655.0
1367106.1675147964,1367986.0
1255311.237547022,1256088.0
288294.34325338097,289088.0
2146985.6913247523,2147372.0
3741795.6519795028,3743994.0
3519338.579787426,3522561.0
1569310.4818366792,1571855.0
13237196.846569428,13245014.0
12251520.982206676,12249067.0
1460353.2279654292,1460888.0
376034.09102163307,375702.0
83392.35923720036,83056.0
1436735.69528132,1437475.0
1618844.4681441085,1616088.0
3548146.4254167057,3547117.0
472029.3890104558,470981.0
295295.43918496807,295734.0
2287464.8357234364,2287111.0
391557.6578437917,390974.0
207329.84222619754,206877.0
18904605.498524215,18897136.0
1014786.5361257592,1014338.0
4051844.0810960485,4052545.0
2674791.3016104144,2676122.0
1300370.635971481,1301098.0
1982349.7895338035,1985561.0
2593542.4168515303,2592014.0
8768968.972457355,8766038.0
212386.33722621136,212611.0
528483.3769974653,527464.0
139049.14359032694,139110.0
694830.0760904229,694999.0
1712951.809395531,1713199.0
157135.56445332398,155975.0
6233869.410860858,6233318.0
17432692.36089987,17434172.0
7380357.772168981,7384293.0
3325365.3017313457,3324951.0
2153662.243954361,2154094.0
123019.28239644904,122897.0
3237571.5654553776,3238699.0
1593516.419217326,1593421.0
1763177.2660743722,1762882.0
3100710.1279078797,3099306.0
6687687.899358114,6686267.0
3870029.989350784,3871530.0
945109.5178644492,944487.0
6494800.489156404,6488352.0
10781550.392283872,10783960.0
1174227.3210400871,1174055.0
1714529.3062441554,1713698.0
1576824.492012644,1576018.0
8512844.554240573,8515990.0
8842215.062937425,8838556.0
602655.1278565672,602001.0
887897.2548527446,889498.0
282529.8034648028,282120.0
20258680.76040341,20256070.0
826598.5281101207,826047.0
3930865.330381852,3927048.0
6133187.337427496,6133367.0
1765923.1561460602,1763338.0
1782205.344552278,1782967.0
431824.7203768506,432141.0
876266.055565041,875413.0
1015910.9095081203,1016002.0
10621681.5496894,10620315.0
557695.3330981517,558245.0
